-- phpMyAdmin SQL Dump
-- version 4.6.5.2
-- https://www.phpmyadmin.net/
--
-- Host: localhost
-- Generation Time: Aug 31, 2017 at 07:50 AM
-- Server version: 10.1.21-MariaDB
-- PHP Version: 5.6.30

SET SQL_MODE = "NO_AUTO_VALUE_ON_ZERO";
SET time_zone = "+00:00";


/*!40101 SET @OLD_CHARACTER_SET_CLIENT=@@CHARACTER_SET_CLIENT */;
/*!40101 SET @OLD_CHARACTER_SET_RESULTS=@@CHARACTER_SET_RESULTS */;
/*!40101 SET @OLD_COLLATION_CONNECTION=@@COLLATION_CONNECTION */;
/*!40101 SET NAMES utf8mb4 */;

--
-- Database: `ProjectSEM4`
--

-- --------------------------------------------------------

--
-- Table structure for table `tblBoss`
--

CREATE TABLE `tblBoss` (
  `_id` int(9) UNSIGNED ZEROFILL NOT NULL,
  `_fname` varchar(100) CHARACTER SET utf8mb4 COLLATE utf8mb4_unicode_ci NOT NULL,
  `_lname` varchar(100) CHARACTER SET utf8mb4 COLLATE utf8mb4_unicode_ci NOT NULL,
  `_email` varchar(255) NOT NULL,
  `_phone` varchar(15) NOT NULL,
  `_datetime` datetime NOT NULL,
  `_price` int(13) NOT NULL,
  `_status` int(1) NOT NULL
) ENGINE=InnoDB DEFAULT CHARSET=latin1;

--
-- Dumping data for table `tblBoss`
--

INSERT INTO `tblBoss` (`_id`, `_fname`, `_lname`, `_email`, `_phone`, `_datetime`, `_price`, `_status`) VALUES
(000000082, 'Lê Việt', 'Tiệp', 'nhocjava@gmail.com', '01233668804', '2017-08-19 00:05:21', 4200000, 3),
(000000083, 'Lê Việt', ' Tiệp', 'nhocjava@gmail.com', '01233668804', '2017-08-19 00:44:04', 4200000, 1),
(000000085, 'Họ', 'Tên', 'nhocjava@gmail.com', '01233668804', '2017-08-19 01:34:20', 930000, 3),
(000000086, 'Lê Việt ', 'Tiệp', 'nhocjava@gmail.com', '01233668804', '2017-08-19 01:51:42', 4200000, 1),
(000000087, 'Đợt', '2', 'nhocjava@gmail.com', '01233668804', '2017-08-19 01:53:37', 4200000, 3),
(000000088, 'Lê Việt ', 'Nam', 'nhocjava@gmail.com', '01233668804', '2017-08-19 09:01:06', 1710000, 3),
(000000089, 'Lê Táo', 'Ổi', 'nhocjava@gmail.com', '01233668804', '2017-08-19 09:38:31', 2640000, 3),
(000000095, 'Lê Việt Tiệp', 'Tiệp', 'nhocjava@gmail.com', '01233668804', '2017-08-19 13:26:24', 4200000, 1),
(000000096, 'Lê Việt', 'Tiệp', 'nhocjava@gmail.com', '01233668804', '2017-08-19 14:20:30', 4050000, 1),
(000000097, 'Lê Việt', 'Tiệp', 'nhocjava@gmail.com', '01233668804', '2017-08-19 14:21:43', 4050000, 1),
(000000098, 'Lê Việt', 'Tiệp', 'nhocjava@gmail.com', '01233668804', '2017-08-19 14:24:58', 4050000, 3),
(000000099, 'Lê Việt', 'Tiệp', 'letiep97@gmail.com', '01233668804', '2017-08-19 14:42:02', 950000, 3),
(000000100, 'Lê', 'Tiệp', 'nhocjava@gmail.com', '01233668804', '2017-08-19 15:58:21', 780000, 3),
(000000101, 'Lê Việt', 'Tiệp', 'letiep97@gmail.com', '01233668804', '2017-08-19 19:33:46', 780000, 3),
(000000102, 'Lê Việt', 'Tiệp', 'nhocjava@gmail.com', '01233668804', '2017-08-19 22:14:22', 2940000, 1),
(000000103, 'Lê Việt', 'Tiệp', 'nhocjava@gmail.com', '01233668804', '2017-08-19 22:14:40', 2940000, 1),
(000000104, 'Lê Việt', 'Tiệp', 'nhocjava@gmail.com', '01233668804', '2017-08-21 22:08:40', 1650000, 1),
(000000106, 'Lê Việt', 'Tiệp', 'nhocjava@gmail.com', '0123344668804', '2017-08-21 22:36:07', 840000, 1),
(000000107, 'Lê Việt', 'Tiệp', 'letiep97@gmail.com', '01233668804', '2017-08-23 11:03:26', 1030000, 1),
(000000108, 'Lê Việt ', 'Tiệp', 'letiep97@gmail.com', '01233668804', '2017-08-23 11:12:58', 5070000, 1),
(000000109, 'Lê Việt ', 'Tiệp', 'letiep97@gmail.com', '01233668804', '2017-08-23 11:13:28', 5160000, 1),
(000000110, 'Lê Việt ', 'Tiệp', 'letiep97@gmail.com', '01233668804', '2017-08-23 11:14:30', 5190000, 1),
(000000111, 'Lê Việt ', 'Tiệp', 'letiep97@gmail.com', '01233668804', '2017-08-23 11:15:00', 4950000, 1),
(000000112, 'Lê Việt ', 'Tiệp', 'letiep97@gmail.com', '01233668804', '2017-08-23 11:15:28', 4950000, 1),
(000000113, 'Lê Việt ', 'Tiệp', 'letiep97@gmail.com', '01233668804', '2017-08-23 11:15:58', 4980000, 1),
(000000114, 'Lê Việt ', 'Tiệp', 'letiep97@gmail.com', '01233668804', '2017-08-23 11:15:59', 4980000, 1),
(000000115, 'Lê Việt ', 'Tiệp', 'letiep97@gmail.com', '01233668804', '2017-08-23 11:16:23', 4950000, 1),
(000000116, 'Lê Văn', 'An', 'nhocjava@gmail.com', '01233668804', '2017-08-26 13:52:51', 630000, 1),
(000000117, 'Nguyễn Xuân', 'Hải', 'nhocjava@gmail.com', '01233668804', '2017-08-26 14:16:11', 3030000, 1),
(000000118, 'Lê Táo', 'Ổi', 'nhocjava@gmail.com', '01233668804', '2017-08-26 15:44:53', 3390000, 1),
(000000120, 'Lê Việt', 'Tiệp', 'letiep97@gmail.com', '01233668804', '2017-08-28 16:04:56', 1030000, 1),
(000000121, 'Lê Việt', 'Tiệp', 'letiep97@gmail.com', '01233668804', '2017-08-28 16:18:05', 4240000, 1),
(000000122, 'Lê Việt', 'Tiệ', 'letiep97@gmail.com', '01233668804', '2017-08-28 23:59:13', 10920000, 1),
(000000123, 'Lê Việt', 'Nam', 'nhocjava@gmail.com', '01233668804', '2017-08-29 00:20:59', 25710000, 1),
(000000124, 'Lê Việt', 'Tiệp', 'letiep97@gmail.com', '01233668804', '2017-08-29 11:07:37', 13290000, 1),
(000000125, 'Nguyễn Tử ', 'Quảng', 'letiep97@gmail.com', '01233668804', '2017-08-29 11:21:00', 20010000, 1),
(000000126, 'Trịnh Văn', 'Oanh', 'letiep97@gmail.com', '01233668804', '2017-08-29 11:28:22', 27900000, 1),
(000000127, 'Lê Việt', 'Tiệp', 'letiep97@gmail.com', '01233668804', '2017-08-29 13:00:37', 27690000, 1),
(000000128, 'Nguyên Văn', 'Tạ', 'letiep97@gmail.com', '01233668804', '2017-08-29 13:03:25', 27690000, 1),
(000000129, 'Nguyễn Văn', 'Một', 'letiep97@gmail.com', '01233668804', '2017-08-29 13:04:27', 2130000, 1),
(000000130, 'Lê Việt', 'Tiệp', 'letiep97@gmail.com', '01233668804', '2017-08-29 13:51:05', 14040000, 1),
(000000131, 'Lê Việt', 'Tiệp', 'letiep97@gmail.com', '01233668804', '2017-08-29 13:52:24', 14040000, 1),
(000000132, 'Lê Việt', 'Tiệp', 'letiep97@gmail.com', '01233668804', '2017-08-29 14:18:19', 14040000, 1),
(106392101, 'Bá Văn', 'Đạt', 'letiep97@gmail.com', '01233668804', '2017-12-01 00:00:00', 560000, 1),
(106392102, 'Bùi Thị ', 'Bở', 'nhocjava@gmail.com', '01233668804', '2017-08-29 14:29:09', 10260000, 1),
(106392103, 'Nguyễn Tiến', 'Dũng', 'letiep97@gmail.com', '01233668804', '2017-08-29 14:32:24', 7860000, 1),
(106392104, 'Phạm Văn', 'Đồng', 'letiep97@gmail.com', '01233668804', '2017-08-29 14:35:12', 7770000, 1),
(106392105, 'Phan Thị ', 'Thơm', 'nhocjava@gamil.com', '01233668804', '2017-08-29 15:05:35', 9750000, 1),
(106392107, 'Mạnh Thườn ', 'Quân', 'letiep97@gmail.com', '01233668804', '2017-08-30 02:26:28', 310000, 1),
(106392108, 'Đặng Văn', 'Công', 'letiep97@gmail.com', '01233668804', '2017-08-30 10:04:56', 510000, 1),
(106392109, 'Phạn', 'Anh', 'nhocjava@gmail.com', '01233668804', '2017-08-30 10:14:00', 340000, 1),
(106392110, 'Nguyễn Văn ', 'Lâm', 'nhocjava@gmail.com', '01233668804', '2017-08-30 10:30:00', 310000, 1),
(106392111, 'Phan Đình ', 'Phùng', 'nhocjava@gmail.co', '01233668804', '2017-08-30 10:35:38', 1677000, 1),
(106392112, 'Hà Anh', 'Tuấn', 'nhocjava@gmail.com', '01233668804', '2017-08-30 10:37:52', 900000, 1),
(106392113, 'Phan Hữu ', 'Thắng', 'nhocjava@gmail.com', '01233668804', '2017-08-30 11:06:58', 840000, 3),
(106392114, 'Lung Thị', 'Linh', 'nhocjava@gmail.com', '01233668804', '2017-08-30 11:39:12', 1330000, 1),
(106392115, 'Bùi Anh', 'Tuấn', 'nhocjava@gmail.com', '01233668804', '2017-08-30 11:52:58', 3102000, 1),
(106392116, 'Đê La ', 'Thành', 'nhocjava@gmail.com', '01233668804', '2017-08-30 11:59:08', 3324000, 1),
(106392117, 'Phan Anh', 'Minh', 'nhocjava@gmail.com', '01233668804', '2017-08-31 10:20:23', 1110000, 3),
(106392118, 'Lê việt', 'Tiệp', 'nhocjava@gmail.com', '01233668804', '2017-08-31 10:39:54', 1050000, 3),
(106392119, 'Hùynh Đứuu', 'Thắng', 'nhocjava@gmail.com', '01233668804', '2017-08-31 12:41:44', 710000, 3),
(106392120, 'Nguyễn Tiến', 'Dũng', 'nhocjava@gmail.com', '01233668804', '2017-08-31 13:54:09', 27690000, 1),
(106392121, 'Tạ Hoàng', ' Hiệp', 'nhocjava@gmail.com', '01233668804', '2017-08-31 13:55:40', 27690000, 1),
(106392122, 'Tống Hoàng ', 'Anh', 'nhocjava@gmail.com', '01233668804', '2017-08-31 13:58:31', 27690000, 1),
(106392123, 'Đoàn Văn ', 'Đức', 'nhocjava@gmail.com', '01233668804', '2017-08-31 13:59:43', 8760000, 1),
(106392124, 'Phan', 'Thạch', 'nhocjava@gmail.com', '01233668804', '2017-08-31 14:00:47', 12780000, 1),
(106392125, 'Phạm', 'Đồng', 'nhocjava@gmail.com', '01233668804', '2017-08-31 14:01:42', 6540000, 1),
(106392126, 'Nguyễn', 'Huệ', 'nhocjava@Gmail.com', '01233668804', '2017-08-31 14:02:27', 6480000, 1),
(106392127, 'Bùi', 'Hải Nam', 'nhocjava@gmail.com', '01233668804', '2017-08-31 14:03:17', 6480000, 1),
(106392128, 'Thị', 'Lam', 'nhocjava@gmail.com', '01233668804', '2017-08-31 14:04:02', 6480000, 1),
(106392129, 'Nguyễn', 'Khang', 'nhocjava@gmail.com', '01233668804', '2017-08-31 14:05:37', 6570000, 1),
(106392130, 'Phan', 'Bé', 'nhocjava@gmail.com', '01233668804', '2017-08-31 14:06:25', 6570000, 1),
(106392131, 'Lunh thị', 'Linh', 'nhocjava@gmail.com', '01233668804', '2017-08-31 14:08:03', 6450000, 1),
(106392132, 'Đỗ', 'Đức', 'nhocjava@gmail.com', '01233668804', '2017-08-31 14:08:38', 4260000, 1),
(106392133, 'Linh', 'Lam', 'nhocjava@gmail.com', '01233668804', '2017-08-31 14:11:48', 52920000, 1),
(106392134, 'Khánh', 'Khởi', 'nhocjava@gmail.com', '01233668804', '2017-08-31 14:13:31', 24840000, 1),
(106392135, 'Nguyễn', 'Hiếu', 'nhocjava@gmail.com', '01233668804', '2017-08-31 15:26:43', 4060000, 1),
(106392136, 'Jajajbsbxbbxj', 'Ndjchxhjd', 'hiepmo99@gmail.com', '01632456394', '2017-08-31 15:33:56', 1830000, 3),
(106392137, 'Lê Việt', 'Tiệp', 'letiep97@gmail.com', '01233668804', '2017-08-31 15:53:16', 3570000, 3),
(106392138, 'Hoàng ', 'Hiệp', 'nhocjava@gmail.com', '01233668804', '2017-08-31 15:56:53', 810000, 3),
(106392139, 'Lê Việt', 'Tiệp', 'letiep97@gmail.com', '01233668804', '2017-08-31 10:07:38', 1550000, 0),
(106392140, 'Lê Việt', 'Tiệp', 'letiep97@gmail.com', '01233668804', '2017-08-31 10:22:54', 1270000, 0);

-- --------------------------------------------------------

--
-- Table structure for table `tblChuyenBay`
--

CREATE TABLE `tblChuyenBay` (
  `_id` int(11) NOT NULL,
  `_idDDi` varchar(3) NOT NULL,
  `_idDDd` varchar(3) NOT NULL,
  `_name` varchar(10) CHARACTER SET utf8mb4 COLLATE utf8mb4_unicode_ci NOT NULL,
  `dateDi` datetime NOT NULL,
  `dateDen` datetime NOT NULL,
  `price` int(11) NOT NULL
) ENGINE=InnoDB DEFAULT CHARSET=latin1;

--
-- Dumping data for table `tblChuyenBay`
--

INSERT INTO `tblChuyenBay` (`_id`, `_idDDi`, `_idDDd`, `_name`, `dateDi`, `dateDen`, `price`) VALUES
(1, 'HAN', 'SGN', 'VN001', '2017-07-29 07:00:00', '2017-07-29 11:00:00', 100000),
(2, 'SGN', 'HAN', 'VN002', '2017-07-28 04:00:00', '2017-07-30 08:00:00', 250000),
(3, 'HAN', 'SGN', 'VN004', '2017-07-30 00:00:00', '2017-07-30 10:00:00', 700000),
(4, 'HAN', 'SGN', 'BG003', '2017-07-29 07:00:00', '2017-07-29 10:00:00', 600000),
(5, 'HAN', 'SGN', 'HN067', '2017-07-27 06:00:00', '2017-07-27 18:00:00', 900000),
(6, 'HAN', 'SGN', 'HJ098', '2017-07-27 18:00:00', '2017-07-27 21:00:00', 4600000),
(7, 'SGN', 'HAN', 'KO883', '2017-07-28 00:00:00', '2017-07-29 01:00:00', 899999),
(8, 'HAN', 'SGN', 'JS567', '2017-07-27 16:20:00', '2017-07-30 18:55:00', 1000000),
(9, 'HAN', 'SGN', 'HA009', '2017-07-27 12:00:00', '2017-07-27 14:00:00', 750000),
(10, 'HAN', 'SGN', 'HA009', '2017-07-27 12:00:00', '2017-07-27 14:30:00', 750000),
(11, 'HAN', 'SGN', 'KL005', '2017-07-27 04:20:00', '2017-07-27 08:30:00', 950000),
(12, 'HAN', 'SGN', 'KH095', '2017-07-27 17:10:00', '2017-07-27 19:10:00', 750000),
(13, 'HAN', 'SGN', 'VZ203', '2017-08-31 05:30:00', '2017-08-31 07:40:00', 250000),
(14, 'HAN', 'SGN', 'HN983', '2017-08-31 09:00:00', '2017-08-31 10:50:00', 1050000),
(15, 'HAN', 'SGN', 'KJ329', '2017-08-31 08:10:00', '2017-08-31 12:00:00', 2100000),
(17, 'HAN', 'SGN', 'JK321', '2017-08-31 14:50:00', '2017-08-31 19:50:00', 250000),
(18, 'HAN', 'SGN', 'FG093', '2017-08-31 10:40:00', '2017-08-31 13:00:00', 780000),
(19, 'HAN', 'SGN', 'IO732', '2017-08-31 06:50:00', '2017-08-31 08:55:00', 499000),
(20, 'HAN', 'SGN', 'YU003', '2017-08-31 07:00:00', '2017-08-31 11:00:00', 250000),
(21, 'HAN', 'SGN', 'LE021', '2017-08-31 23:00:00', '2017-09-02 10:00:00', 3500000),
(22, 'HAN', 'SGN', 'YR921', '2017-09-02 06:00:00', '2017-09-02 10:00:00', 450000),
(23, 'HAN', 'SGN', 'WQ323', '2017-09-02 10:30:00', '2017-09-02 15:00:00', 678000),
(24, 'HAN', 'SGN', 'FK312', '2017-09-03 08:00:00', '2017-09-03 12:00:00', 1999000),
(25, 'HAN', 'SGN', 'VI329', '2017-09-03 14:00:00', '2017-09-03 16:00:00', 200000),
(26, 'HAN', 'SGN', 'LM123', '2017-09-02 23:00:00', '2017-09-03 00:30:00', 350000),
(27, 'SGN', 'HAN', 'VT203', '2017-08-31 05:30:00', '2017-08-31 07:40:00', 250000),
(28, 'SGN', 'HAN', 'HT983', '2017-08-31 09:00:00', '2017-08-31 10:50:00', 1050000),
(29, 'SGN', 'HAN', 'KT329', '2017-08-31 08:10:00', '2017-08-31 12:00:00', 2100000),
(30, 'SGN', 'HAN', 'JT321', '2017-08-31 14:50:00', '2017-08-31 19:50:00', 250000),
(31, 'SGN', 'HAN', 'FT093', '2017-08-31 10:40:00', '2017-08-31 13:00:00', 780000),
(32, 'SGN', 'HAN', 'IT732', '2017-08-31 06:50:00', '2017-08-31 08:55:00', 499000),
(33, 'SGN', 'HAN', 'YT003', '2017-08-31 07:00:00', '2017-08-31 11:00:00', 250000),
(34, 'SGN', 'HAN', 'LT021', '2017-08-31 23:00:00', '2017-09-02 10:00:00', 3500000),
(35, 'SGN', 'HAN', 'YT921', '2017-09-02 06:00:00', '2017-09-02 10:00:00', 450000),
(36, 'SGN', 'HAN', 'WT323', '2017-09-02 10:30:00', '2017-09-02 15:00:00', 678000),
(37, 'SGN', 'HAN', 'FT312', '2017-09-03 08:00:00', '2017-09-03 12:00:00', 1999000),
(38, 'SGN', 'HAN', 'VT329', '2017-09-03 14:00:00', '2017-09-03 16:00:00', 200000),
(39, 'SGN', 'HAN', 'LT123', '2017-09-02 23:00:00', '2017-09-03 00:30:00', 350000);

-- --------------------------------------------------------

--
-- Table structure for table `tblDiaDiem`
--

CREATE TABLE `tblDiaDiem` (
  `_id` varchar(3) NOT NULL,
  `_name` varchar(100) CHARACTER SET utf8mb4 COLLATE utf8mb4_unicode_ci NOT NULL
) ENGINE=InnoDB DEFAULT CHARSET=latin1;

--
-- Dumping data for table `tblDiaDiem`
--

INSERT INTO `tblDiaDiem` (`_id`, `_name`) VALUES
('BMV', 'Buôn Ma Thuột'),
('CAH', 'Cà Mau'),
('CXR', 'Nha Trang'),
('HAN', 'Hà Nội'),
('HPH', 'Hải Phòng'),
('HUI', 'Huế'),
('HYN', 'Hưng Yên'),
('PQC', 'Phú Quốc'),
('SGN', 'Hồ Chí Minh'),
('VCL', 'Chu Lai'),
('VCS', 'Côn Đảo');

-- --------------------------------------------------------

--
-- Table structure for table `tblEmBe`
--

CREATE TABLE `tblEmBe` (
  `_id` int(11) NOT NULL,
  `_idKH` int(11) NOT NULL,
  `_fname` varchar(100) CHARACTER SET utf8mb4 COLLATE utf8mb4_unicode_ci NOT NULL,
  `_lname` varchar(100) CHARACTER SET utf8mb4 COLLATE utf8mb4_unicode_ci DEFAULT NULL,
  `_birthday` date NOT NULL,
  `_gender` int(1) NOT NULL,
  `_idB` int(9) UNSIGNED ZEROFILL NOT NULL
) ENGINE=InnoDB DEFAULT CHARSET=latin1;

--
-- Dumping data for table `tblEmBe`
--

INSERT INTO `tblEmBe` (`_id`, `_idKH`, `_fname`, `_lname`, `_birthday`, `_gender`, `_idB`) VALUES
(27, 234, 'em bé', '1', '2016-09-08', 1, 000000086),
(28, 234, 'Em bé', '2', '2017-05-06', 2, 000000086),
(32, 249, 'Em bé', '1', '2016-06-08', 1, 000000095),
(33, 250, 'Em bé', '2', '2016-05-05', 1, 000000095),
(34, 287, 'Em bé', '1', '2016-06-09', 1, 000000108),
(35, 288, 'Em bé', '2', '2016-04-05', 1, 000000108),
(36, 292, 'Em bé', '1', '2016-06-09', 1, 000000109),
(37, 293, 'Em bé', '2', '2016-04-05', 1, 000000109),
(38, 297, 'Em bé', '1', '2016-06-09', 1, 000000110),
(39, 298, 'Em bé', '2', '2016-04-05', 1, 000000110),
(40, 302, 'Em bé', '1', '2016-06-09', 1, 000000111),
(41, 303, 'Em bé', '2', '2016-04-05', 1, 000000111),
(42, 307, 'Em bé', '1', '2016-06-09', 1, 000000112),
(43, 308, 'Em bé', '2', '2016-04-05', 1, 000000112),
(44, 312, 'Em bé', '1', '2016-06-09', 1, 000000113),
(45, 313, 'Em bé', '2', '2016-04-05', 1, 000000113),
(46, 317, 'Em bé', '1', '2016-06-09', 1, 000000114),
(47, 318, 'Em bé', '2', '2016-04-05', 1, 000000114),
(48, 322, 'Em bé', '1', '2016-06-09', 1, 000000115),
(49, 323, 'Em bé', '2', '2016-04-05', 1, 000000115),
(50, 327, 'Em bé', '1', '2016-05-06', 1, 000000116),
(51, 330, 'Em bé', '1', '2016-03-02', 1, 000000117),
(52, 334, 'Em bé', '1', '2016-07-04', 1, 000000118),
(53, 346, 'Em bé', '1', '2016-02-02', 1, 000000122),
(54, 353, 'Em bé', '1', '2016-03-03', 1, 000000123),
(55, 364, 'Em bé', '1', '2016-05-07', 1, 000000124),
(56, 369, 'Em bé', '3', '2017-04-09', 1, 000000125),
(57, 370, 'Em bé ', '1', '2016-06-08', 1, 000000125),
(58, 372, 'Em bé', '2', '2016-04-03', 1, 000000125),
(59, 503, 'Em bé', '1', '2016-03-03', 1, 106392114),
(60, 507, 'Em bé', '1', '2016-05-05', 1, 106392115),
(61, 512, 'Em bé', '1', '2016-04-08', 1, 106392116),
(62, 681, 'Em bé', '1', '2016-03-07', 1, 106392139),
(63, 686, 'Em bé', '1', '2016-05-06', 1, 106392140);

-- --------------------------------------------------------

--
-- Table structure for table `tblGhe`
--

CREATE TABLE `tblGhe` (
  `_id` varchar(3) NOT NULL,
  `_type` int(1) NOT NULL,
  `_price` int(11) NOT NULL,
  `_order` int(3) NOT NULL
) ENGINE=InnoDB DEFAULT CHARSET=latin1;

--
-- Dumping data for table `tblGhe`
--

INSERT INTO `tblGhe` (`_id`, `_type`, `_price`, `_order`) VALUES
('10A', 1, 30000, 55),
('10B', 1, 30000, 56),
('10C', 1, 30000, 57),
('10D', 1, 30000, 58),
('10E', 1, 30000, 59),
('10F', 1, 30000, 60),
('11A', 1, 30000, 61),
('11B', 1, 30000, 62),
('11C', 1, 30000, 63),
('11D', 1, 30000, 64),
('11E', 1, 30000, 65),
('11F', 1, 30000, 66),
('12A', 1, 30000, 67),
('12B', 1, 30000, 68),
('12C', 1, 30000, 69),
('12D', 1, 30000, 70),
('12E', 1, 30000, 71),
('12F', 1, 30000, 72),
('1A', 2, 90000, 1),
('1B', 2, 90000, 2),
('1C', 2, 90000, 3),
('1D', 2, 90000, 4),
('1E', 2, 90000, 5),
('1F', 2, 90000, 6),
('2A', 2, 90000, 7),
('2B', 2, 90000, 8),
('2C', 2, 90000, 9),
('2D', 2, 90000, 10),
('2E', 2, 90000, 11),
('2F', 2, 90000, 12),
('3A', 3, 60000, 13),
('3B', 3, 60000, 14),
('3C', 3, 60000, 15),
('3D', 3, 60000, 16),
('3E', 3, 60000, 17),
('3F', 3, 60000, 18),
('4A', 3, 60000, 19),
('4B', 3, 60000, 20),
('4C', 3, 60000, 21),
('4D', 3, 60000, 22),
('4E', 3, 60000, 23),
('4F', 3, 60000, 24),
('5A', 1, 30000, 25),
('5B', 1, 30000, 26),
('5C', 1, 30000, 27),
('5D', 1, 30000, 28),
('5E', 1, 30000, 29),
('5F', 1, 30000, 30),
('6A', 1, 30000, 31),
('6B', 1, 30000, 32),
('6C', 1, 30000, 33),
('6D', 1, 30000, 34),
('6E', 1, 30000, 35),
('6F', 1, 30000, 36),
('7A', 1, 30000, 37),
('7B', 1, 30000, 38),
('7C', 1, 30000, 39),
('7D', 1, 30000, 40),
('7E', 1, 30000, 41),
('7F', 1, 30000, 42),
('8A', 1, 30000, 43),
('8B', 1, 30000, 44),
('8C', 1, 30000, 45),
('8D', 1, 30000, 46),
('8E', 1, 30000, 47),
('8F', 1, 30000, 48),
('9A', 1, 30000, 49),
('9B', 1, 30000, 50),
('9C', 1, 30000, 51),
('9D', 1, 30000, 52),
('9E', 1, 30000, 53),
('9F', 1, 30000, 54);

-- --------------------------------------------------------

--
-- Table structure for table `tblHanhKhach`
--

CREATE TABLE `tblHanhKhach` (
  `_id` int(11) NOT NULL,
  `_idB` int(9) UNSIGNED ZEROFILL NOT NULL,
  `_fname` varchar(100) CHARACTER SET utf8mb4 COLLATE utf8mb4_unicode_ci NOT NULL,
  `_lname` varchar(100) CHARACTER SET utf8mb4 COLLATE utf8mb4_unicode_ci NOT NULL,
  `_type` int(1) NOT NULL,
  `_gender` int(1) NOT NULL
) ENGINE=InnoDB DEFAULT CHARSET=latin1;

--
-- Dumping data for table `tblHanhKhach`
--

INSERT INTO `tblHanhKhach` (`_id`, `_idB`, `_fname`, `_lname`, `_type`, `_gender`) VALUES
(233, 000000086, 'người lớn', '1', 1, 1),
(234, 000000086, 'người lớn', '2', 1, 1),
(235, 000000086, 'người lớn', '3', 1, 1),
(236, 000000086, 'trẻ em', '1', 2, 1),
(237, 000000086, 'trẻ em', '2', 2, 1),
(248, 000000095, 'Người lớn', '1', 1, 1),
(249, 000000095, 'Người lớn', '2', 1, 1),
(250, 000000095, 'Người lớn', '3', 1, 1),
(251, 000000095, 'Trẻ em', '1', 2, 1),
(252, 000000095, 'Trẻ em', '2', 2, 1),
(275, 000000102, 'Người lớn', '1', 1, 1),
(276, 000000102, 'Người lớn', '2', 1, 1),
(277, 000000102, 'Trẻ em', '1', 2, 1),
(278, 000000103, 'Người lớn', '1', 1, 1),
(279, 000000103, 'Người lớn', '2', 1, 1),
(280, 000000103, 'Trẻ em', '1', 2, 1),
(281, 000000104, 'người lớn', '2', 1, 1),
(282, 000000104, 'Người ', 'lớn 2', 1, 1),
(284, 000000106, 'lê Việt', 'Tiệp', 1, 2),
(285, 000000107, 'Người lớn', '1', 1, 1),
(286, 000000108, 'Người lớn', '1', 1, 1),
(287, 000000108, 'Người lớn', '2', 1, 1),
(288, 000000108, 'Người lớn', '3', 1, 1),
(289, 000000108, 'trẻ em', '1', 2, 1),
(290, 000000108, 'Trẻ em', '2', 2, 1),
(291, 000000109, 'Người lớn', '1', 1, 1),
(292, 000000109, 'Người lớn', '2', 1, 1),
(293, 000000109, 'Người lớn', '3', 1, 1),
(294, 000000109, 'trẻ em', '1', 2, 1),
(295, 000000109, 'Trẻ em', '2', 2, 1),
(296, 000000110, 'Người lớn', '1', 1, 1),
(297, 000000110, 'Người lớn', '2', 1, 1),
(298, 000000110, 'Người lớn', '3', 1, 1),
(299, 000000110, 'trẻ em', '1', 2, 1),
(300, 000000110, 'Trẻ em', '2', 2, 1),
(301, 000000111, 'Người lớn', '1', 1, 1),
(302, 000000111, 'Người lớn', '2', 1, 1),
(303, 000000111, 'Người lớn', '3', 1, 1),
(304, 000000111, 'trẻ em', '1', 2, 1),
(305, 000000111, 'Trẻ em', '2', 2, 1),
(306, 000000112, 'Người lớn', '1', 1, 1),
(307, 000000112, 'Người lớn', '2', 1, 1),
(308, 000000112, 'Người lớn', '3', 1, 1),
(309, 000000112, 'trẻ em', '1', 2, 1),
(310, 000000112, 'Trẻ em', '2', 2, 1),
(311, 000000113, 'Người lớn', '1', 1, 1),
(312, 000000113, 'Người lớn', '2', 1, 1),
(313, 000000113, 'Người lớn', '3', 1, 1),
(314, 000000113, 'trẻ em', '1', 2, 1),
(315, 000000113, 'Trẻ em', '2', 2, 1),
(316, 000000114, 'Người lớn', '1', 1, 1),
(317, 000000114, 'Người lớn', '2', 1, 1),
(318, 000000114, 'Người lớn', '3', 1, 1),
(319, 000000114, 'trẻ em', '1', 2, 1),
(320, 000000114, 'Trẻ em', '2', 2, 1),
(321, 000000115, 'Người lớn', '1', 1, 1),
(322, 000000115, 'Người lớn', '2', 1, 1),
(323, 000000115, 'Người lớn', '3', 1, 1),
(324, 000000115, 'trẻ em', '1', 2, 1),
(325, 000000115, 'Trẻ em', '2', 2, 1),
(326, 000000116, 'Lê', '1', 1, 1),
(327, 000000116, 'Lê', '2', 1, 1),
(328, 000000116, 'Lê', '3', 1, 1),
(329, 000000117, 'Người lớn', '1', 1, 1),
(330, 000000117, 'Người ', '2', 1, 1),
(331, 000000117, 'Trẻ', '1', 2, 1),
(332, 000000118, 'Người lớn', '1', 1, 1),
(333, 000000118, 'Người lớn', '2', 1, 1),
(334, 000000118, 'Người lớn', '3', 1, 1),
(335, 000000118, 'Trẻ em', '1', 2, 1),
(340, 000000120, 'Lê ', 'Nam', 1, 1),
(341, 000000121, 'Người lớn', '1', 1, 1),
(342, 000000121, 'Người lớn', '2', 1, 1),
(343, 000000121, 'Người lớn', '3', 1, 1),
(344, 000000121, 'Trẻ em', '1', 2, 1),
(345, 000000122, 'Người lớn', '1', 1, 1),
(346, 000000122, 'Người lớn', '2', 1, 1),
(347, 000000122, 'Người lớn', '3', 1, 1),
(348, 000000122, 'Trẻ em', '1', 2, 1),
(349, 000000122, 'Trẻ em', '2', 2, 1),
(350, 000000123, 'Người lớn', '1', 1, 1),
(351, 000000123, 'Người lớn', '2', 1, 1),
(352, 000000123, 'Người lớn', '3', 1, 1),
(353, 000000123, 'Người lớn', '4', 1, 1),
(354, 000000123, 'Người lớn', '5', 1, 1),
(355, 000000123, 'Người lớn', '6', 1, 1),
(356, 000000123, 'Người lớn', '7', 1, 1),
(357, 000000123, 'Trẻ em', '1', 2, 1),
(358, 000000123, 'Trẻ em', '2', 2, 1),
(359, 000000123, 'Trẻ em', '3', 2, 1),
(360, 000000123, 'Trẻ em', '4', 2, 1),
(361, 000000123, 'Trẻ em', '5', 2, 1),
(362, 000000124, 'Người lớn', '1', 1, 1),
(363, 000000124, 'Người lớn', '2', 1, 1),
(364, 000000124, 'Người lớn', '3', 1, 1),
(365, 000000124, 'Người lớn', '4', 1, 1),
(366, 000000124, 'Trẻ em', '1', 2, 1),
(367, 000000124, 'Trẻ em', '2', 2, 1),
(368, 000000125, 'Người lớn', '1', 1, 1),
(369, 000000125, 'Người lớn', '2', 1, 1),
(370, 000000125, 'Người lớn', '3', 1, 1),
(371, 000000125, 'Người lớn', '4', 1, 1),
(372, 000000125, 'Người lớn', '5', 1, 1),
(373, 000000125, 'Trẻ em', '1', 2, 1),
(374, 000000125, 'Trẻ em', '2', 2, 1),
(375, 000000125, 'Trẻ em', '3', 2, 1),
(376, 000000125, 'Trẻ em', '4', 2, 1),
(377, 000000126, 'Người lớn', '1', 1, 1),
(378, 000000126, 'Người lớn', '2', 1, 1),
(379, 000000126, 'Người lớn', '3', 1, 1),
(380, 000000126, 'Người lớn', '4', 1, 1),
(381, 000000126, 'Người lớn', '5', 1, 1),
(382, 000000126, 'Người lớn', '6', 1, 1),
(383, 000000126, 'Người lớn', '7', 1, 1),
(384, 000000126, 'Trẻ em', '1', 2, 1),
(385, 000000126, 'Trẻ em', '2', 2, 1),
(386, 000000126, 'Trẻ em', '3', 2, 1),
(387, 000000126, 'Trẻ em', '4', 2, 1),
(388, 000000126, 'Trẻ em', '5', 2, 1),
(389, 000000126, 'Trẻ em', '6', 2, 1),
(390, 000000127, 'Người lớn', '1', 1, 1),
(391, 000000127, 'Người lớn', '2', 1, 1),
(392, 000000127, 'Người lớn', '3', 1, 1),
(393, 000000127, 'Người lớn', '4', 1, 1),
(394, 000000127, 'Người lớn', '5', 1, 1),
(395, 000000127, 'Người lớn', '6', 1, 1),
(396, 000000127, 'Người lớn', '7', 1, 1),
(397, 000000127, 'Trẻ em', '1', 2, 1),
(398, 000000127, 'Trẻ em', '2', 2, 1),
(399, 000000127, 'Trẻ em', '3', 2, 1),
(400, 000000127, 'Trẻ em', '4', 2, 1),
(401, 000000127, 'Trẻ em', '5', 2, 1),
(402, 000000127, 'Trẻ em', '6', 2, 1),
(403, 000000128, 'Người lớn', '1', 1, 1),
(404, 000000128, 'Người lớn', '2', 1, 1),
(405, 000000128, 'Người lớn', '3', 1, 1),
(406, 000000128, 'Người lớn', '4', 1, 1),
(407, 000000128, 'Người lớn', '5', 1, 1),
(408, 000000128, 'Người lớn', '6', 1, 1),
(409, 000000128, 'Người lớn', '7', 1, 1),
(410, 000000128, 'Trẻ em', '1', 2, 1),
(411, 000000128, 'Trẻ em', '2', 2, 1),
(412, 000000128, 'Trẻ em', '3', 2, 1),
(413, 000000128, 'Trẻ em', '4', 2, 1),
(414, 000000128, 'Trẻ em', '5', 2, 1),
(415, 000000128, 'Trẻ em', '6', 2, 1),
(416, 000000129, 'Người lớn', '1', 1, 1),
(417, 000000130, 'Người lớn', '1', 1, 1),
(418, 000000130, 'Người lớn', '2', 1, 1),
(419, 000000130, 'Người lớn', '3', 1, 1),
(420, 000000130, 'Người lớn', '4', 1, 1),
(421, 000000130, 'Người lớn', '5', 1, 1),
(422, 000000130, 'Người lớn', '6', 1, 1),
(423, 000000130, 'Người lớn', '7', 1, 1),
(424, 000000130, 'Trẻ em', '1', 2, 1),
(425, 000000130, 'Trẻ em', '2', 2, 1),
(426, 000000130, 'Trẻ em', '3', 2, 1),
(427, 000000130, 'Trẻ em', '4', 2, 1),
(428, 000000130, 'Trẻ em', '5', 2, 1),
(429, 000000130, 'Trẻ em', '6', 2, 1),
(430, 000000131, 'Người lớn', '1', 1, 1),
(431, 000000131, 'Người lớn', '2', 1, 1),
(432, 000000131, 'Người lớn', '3', 1, 1),
(433, 000000131, 'Người lớn', '4', 1, 1),
(434, 000000131, 'Người lớn', '5', 1, 1),
(435, 000000131, 'Người lớn', '6', 1, 1),
(436, 000000131, 'Người lớn', '7', 1, 1),
(437, 000000131, 'Trẻ em', '1', 2, 1),
(438, 000000131, 'Trẻ em', '2', 2, 1),
(439, 000000131, 'Trẻ em', '3', 2, 1),
(440, 000000131, 'Trẻ em', '4', 2, 1),
(441, 000000131, 'Trẻ em', '5', 2, 1),
(442, 000000131, 'Trẻ em', '6', 2, 1),
(443, 000000132, 'Người lớn', '1', 1, 1),
(444, 000000132, 'Người lớn', '2', 1, 1),
(445, 000000132, 'Người lớn', '3', 1, 1),
(446, 000000132, 'Người lớn', '4', 1, 1),
(447, 000000132, 'Người lớn', '5', 1, 1),
(448, 000000132, 'Người lớn', '6', 1, 1),
(449, 000000132, 'Người lớn', '7', 1, 1),
(450, 000000132, 'Trẻ em', '1', 2, 1),
(451, 000000132, 'Trẻ em', '2', 2, 1),
(452, 000000132, 'Trẻ em', '3', 2, 1),
(453, 000000132, 'Trẻ em', '4', 2, 1),
(454, 000000132, 'Trẻ em', '5', 2, 1),
(455, 000000132, 'Trẻ em', '6', 2, 1),
(456, 106392102, 'Người lớn', '1', 1, 1),
(457, 106392102, 'Người lớn', '2', 1, 1),
(458, 106392102, 'Người lớn', '3', 1, 1),
(459, 106392102, 'Người lớn', '4', 1, 1),
(460, 106392102, 'Trẻ em', '1', 2, 1),
(461, 106392102, 'Trẻ em', '2', 2, 1),
(462, 106392102, 'Trẻ em', '3', 2, 1),
(463, 106392102, 'Trẻ em', '4', 2, 1),
(464, 106392102, 'Trẻ em', '5', 2, 1),
(465, 106392103, 'Người lớn', '1', 1, 1),
(466, 106392103, 'Người lớn', '2', 1, 1),
(467, 106392103, 'Người lớn', '3', 1, 1),
(468, 106392103, 'Người lớn', '4', 1, 1),
(469, 106392103, 'Người lớn', '5', 1, 1),
(470, 106392103, 'Người lớn', '6', 1, 1),
(471, 106392103, 'Người lớn', '7', 1, 1),
(472, 106392104, 'Người lớn', '1', 1, 1),
(473, 106392104, 'Người lớn', '2', 1, 1),
(474, 106392104, 'Người lớn', '3', 1, 1),
(475, 106392104, 'Người lớn', '4', 1, 1),
(476, 106392104, 'Người lớn', '5', 1, 1),
(477, 106392104, 'Người lớn', '6', 1, 1),
(478, 106392104, 'Người lớn', '7', 1, 1),
(479, 106392105, 'Người lớn', '1', 1, 1),
(480, 106392105, 'Người lớn', '2', 1, 1),
(481, 106392105, 'Người lớn', '3', 1, 1),
(482, 106392105, 'Người lớn', '4', 1, 1),
(483, 106392105, 'Người lớn', '5', 1, 1),
(484, 106392105, 'Người lớn', '6', 1, 1),
(485, 106392105, 'Người lớn', '7', 1, 1),
(486, 106392105, 'Trẻ em', '1', 2, 1),
(487, 106392105, 'Trẻ em', '2', 2, 1),
(489, 106392107, 'Người lớn', '1', 1, 1),
(490, 106392108, 'Người lớn', '1', 1, 1),
(491, 106392109, 'Người lớn', '1', 1, 1),
(492, 106392110, 'Người lớn', '1', 1, 1),
(493, 106392111, 'Người lớn', '1', 1, 1),
(494, 106392111, 'Người lớn', '2', 1, 1),
(495, 106392111, 'Trẻ em', '1', 2, 1),
(496, 106392112, 'Người lớn', '1', 1, 1),
(497, 106392112, 'Người lớn', '2', 1, 1),
(498, 106392112, 'Trẻ em', '1', 2, 1),
(502, 106392114, 'Người lớn', '1', 1, 1),
(503, 106392114, 'Người lớn', '2', 1, 1),
(504, 106392114, 'Người lớn', '3', 1, 1),
(505, 106392114, 'Trẻ em', '1', 2, 1),
(506, 106392115, 'Người lớn', '1', 1, 1),
(507, 106392115, 'Người lớn', '2', 1, 1),
(508, 106392115, 'Trẻ em', '1', 2, 1),
(509, 106392115, 'Trẻ em', '2', 2, 1),
(510, 106392116, 'Người lớn', '1', 1, 1),
(511, 106392116, 'Người lớn', '2', 1, 1),
(512, 106392116, 'Người lớn', '3', 1, 1),
(513, 106392116, 'Người lớn', '4', 1, 1),
(514, 106392116, 'Trẻ em', '1', 2, 1),
(515, 106392116, 'Trẻ em', '2', 2, 1),
(524, 106392120, 'Người lớn', '1', 1, 1),
(525, 106392120, 'Người lớn', '2', 1, 1),
(526, 106392120, 'Người lớn', '3', 1, 1),
(527, 106392120, 'Người lớn', '4', 1, 1),
(528, 106392120, 'Người lớn', '5', 1, 1),
(529, 106392120, 'Người lớn', '6', 1, 1),
(530, 106392120, 'Người lớn', '7', 1, 1),
(531, 106392120, 'Trẻ em', '1', 2, 1),
(532, 106392120, 'Trẻ em', '2', 2, 1),
(533, 106392120, 'Trẻ em', '3', 2, 1),
(534, 106392120, 'Trẻ em', '4', 2, 1),
(535, 106392120, 'Trẻ em', '5', 2, 1),
(536, 106392120, 'Trẻ em', '6', 2, 1),
(537, 106392121, 'Người lớn', '1', 1, 1),
(538, 106392121, 'Người lớn', '2', 1, 1),
(539, 106392121, 'Người lớn', '3', 1, 1),
(540, 106392121, 'Người lớn', '4', 1, 1),
(541, 106392121, 'Người lớn', '5', 1, 1),
(542, 106392121, 'Người lớn', '6', 1, 1),
(543, 106392121, 'Người lớn', '7', 1, 1),
(544, 106392121, 'Trẻ em', '1', 2, 1),
(545, 106392121, 'Trẻ em', '2', 2, 1),
(546, 106392121, 'Trẻ em', '3', 2, 1),
(547, 106392121, 'Trẻ em', '4', 2, 1),
(548, 106392121, 'Trẻ em', '5', 2, 1),
(549, 106392121, 'Trẻ em', '6', 2, 1),
(550, 106392122, 'Người lớn', '1', 1, 1),
(551, 106392122, 'Người lớn', '2', 1, 1),
(552, 106392122, 'Người lớn', '3', 1, 1),
(553, 106392122, 'Người lớn', '4', 1, 1),
(554, 106392122, 'Người lớn', '5', 1, 1),
(555, 106392122, 'Người lớn', '6', 1, 1),
(556, 106392122, 'Người lớn', '7', 1, 1),
(557, 106392122, 'Trẻ em', '1', 2, 1),
(558, 106392122, 'Trẻ em', '2', 2, 1),
(559, 106392122, 'Trẻ em', '3', 2, 1),
(560, 106392122, 'Trẻ em', '4', 2, 1),
(561, 106392122, 'Trẻ em', '5', 2, 1),
(562, 106392122, 'Trẻ em', '6', 2, 1),
(563, 106392123, 'Người lớn', '1', 1, 1),
(564, 106392123, 'Người lớn', '2', 1, 1),
(565, 106392123, 'Người lớn', '3', 1, 1),
(566, 106392123, 'Người lớn', '4', 1, 1),
(567, 106392124, 'Người lớn', '1', 1, 1),
(568, 106392124, 'Người lớn', '2', 1, 1),
(569, 106392124, 'Người lớn', '3', 1, 1),
(570, 106392124, 'Người lớn', '4', 1, 1),
(571, 106392124, 'Người lớn', '5', 1, 1),
(572, 106392124, 'Người lớn', '6', 1, 1),
(573, 106392125, 'Người lớn', ' 1', 1, 1),
(574, 106392125, 'Người lớn', '2', 1, 1),
(575, 106392125, 'Người lớn', '3', 1, 1),
(576, 106392126, 'Người lớn', '1', 1, 1),
(577, 106392126, 'Người lớn', '2', 1, 1),
(578, 106392126, 'Người lớn', '3', 1, 1),
(579, 106392127, 'Người lớn', '1', 1, 1),
(580, 106392127, 'Người lớn', '2', 1, 1),
(581, 106392127, 'Người lớn', '3', 1, 1),
(582, 106392128, 'Người lớn', '1', 1, 1),
(583, 106392128, 'Người lớn', '2', 1, 1),
(584, 106392128, 'Người lớn', '3', 1, 1),
(585, 106392129, 'Người lớn', '1', 1, 1),
(586, 106392129, 'Người lớn', '2', 1, 1),
(587, 106392129, 'Người lớn', '3', 1, 1),
(588, 106392130, 'Người lớn', '1', 1, 1),
(589, 106392130, 'Người lớn', '2', 1, 1),
(590, 106392130, 'Người lớn', '3', 1, 1),
(591, 106392131, 'Người lớn', '1', 1, 1),
(592, 106392131, 'Người lớn', '2', 1, 1),
(593, 106392131, 'Người lớn', '3', 1, 1),
(594, 106392132, 'Người lớn', '1', 1, 1),
(595, 106392132, 'Người lớn', '2', 1, 1),
(596, 106392133, 'Người lớn', '1', 1, 1),
(597, 106392133, 'Người lớn', '2', 1, 1),
(598, 106392133, 'Người lớn', '3', 1, 1),
(599, 106392133, 'Người lớn', '4', 1, 1),
(600, 106392133, 'Người lớn', '5', 1, 1),
(601, 106392133, 'Người lớn', '6', 1, 1),
(602, 106392133, 'Người lớn', '7', 1, 1),
(603, 106392133, 'Người lớn', '8', 1, 1),
(604, 106392133, 'Người lớn', '9', 1, 1),
(605, 106392133, 'Người lớn', '10', 1, 1),
(606, 106392133, 'Người lớn', '11', 1, 1),
(607, 106392133, 'Người lớn', '12', 1, 1),
(608, 106392133, 'Người lớn', '13', 1, 1),
(609, 106392133, 'Người lớn', '14', 1, 1),
(610, 106392133, 'Người lớn', '15', 1, 1),
(611, 106392133, 'Người lớn', '16', 1, 1),
(612, 106392133, 'Người lớn', '17', 1, 1),
(613, 106392133, 'Người lớn', '18', 1, 1),
(614, 106392133, 'Người lớn', '19', 1, 1),
(615, 106392133, 'Người lớn', '20', 1, 1),
(616, 106392133, 'Người lớn', '21', 1, 1),
(617, 106392133, 'Người lớn', '22', 1, 1),
(618, 106392133, 'Trẻ em', '1', 2, 1),
(619, 106392133, 'Trẻ em', '2', 2, 1),
(620, 106392133, 'Trẻ em', '3', 2, 1),
(621, 106392133, 'Trẻ em', '1', 2, 1),
(622, 106392133, 'Trẻ em', '1', 2, 1),
(623, 106392133, 'Trẻ em', '1', 2, 1),
(624, 106392133, 'Trẻ em', '3', 2, 1),
(625, 106392133, 'Trẻ em', '2', 2, 1),
(626, 106392133, 'Trẻ em', '2', 2, 1),
(627, 106392133, 'Trẻ em', '2', 2, 1),
(628, 106392133, 'Trẻ em', '3', 2, 1),
(629, 106392133, 'Trẻ em', '2', 2, 1),
(630, 106392133, 'Trẻ em', '2', 2, 1),
(631, 106392133, 'Trẻ em', '2', 2, 1),
(632, 106392133, 'Trẻ em', '2', 2, 1),
(633, 106392133, 'Trẻ em', '2', 2, 1),
(634, 106392133, 'Trẻ em', '2', 2, 1),
(635, 106392133, 'Trẻ em', '2', 2, 1),
(636, 106392133, 'Trẻ em', 'ew', 2, 1),
(637, 106392133, 'Trẻ em', '2', 2, 1),
(638, 106392133, 'Trẻ em', 'Trẻ em', 2, 1),
(639, 106392133, 'Trẻ em', 'Trẻ em', 2, 1),
(640, 106392133, 'Trẻ em', '32', 2, 1),
(641, 106392133, 'Trẻ em', '2', 2, 1),
(642, 106392133, 'Trẻ em', 'Trẻ em', 2, 1),
(643, 106392133, 'Trẻ em', '21', 2, 1),
(644, 106392134, 'Người lớn', '1', 1, 1),
(645, 106392134, 'Người lớn', '2', 1, 1),
(646, 106392134, 'Người lớn', '3', 1, 1),
(647, 106392134, 'Người lớn', '4', 1, 1),
(648, 106392134, 'Người lớn', '5', 1, 1),
(649, 106392134, 'Người lớn', '6', 1, 1),
(650, 106392134, 'Người lớn', '7', 1, 1),
(651, 106392134, 'Người lớn', '8', 1, 1),
(652, 106392134, 'Người lớn', '9', 1, 1),
(653, 106392134, 'Người lớn', '10', 1, 1),
(654, 106392134, 'Người lớn', '11', 1, 1),
(655, 106392134, 'Người lớn', '12', 1, 1),
(656, 106392134, 'Người lớn', '1', 2, 1),
(657, 106392134, 'Người lớn', '1', 2, 1),
(658, 106392134, 'Người lớn', '1', 2, 1),
(659, 106392134, 'Người lớn', '1', 2, 1),
(660, 106392134, 'Người lớn', '1', 2, 1),
(661, 106392134, 'Người lớn', '1', 2, 1),
(662, 106392134, 'Người lớn', '1', 2, 1),
(663, 106392134, 'Người lớn', '2', 2, 1),
(664, 106392134, 'Người lớn', '2', 2, 1),
(665, 106392134, 'Người lớn', '3', 2, 1),
(666, 106392134, 'Người lớn', '2', 2, 1),
(667, 106392135, 'Người lớn', '1', 1, 1),
(668, 106392135, 'Ngườil ớn', '2', 1, 1),
(669, 106392135, 'Người lớn', '3', 1, 1),
(670, 106392135, 'người lớn', '4', 1, 1),
(671, 106392135, 'Người lớn', '5', 1, 1),
(672, 106392135, 'Người lớn', '6', 1, 1),
(673, 106392135, 'Người lớn', '7', 1, 1),
(674, 106392135, 'Trẻ em', '1', 2, 1),
(675, 106392135, 'Trẻ', '2', 2, 1),
(676, 106392135, 'Trẻ em', '33', 2, 1),
(677, 106392135, 'Trẻ em', '4', 2, 1),
(678, 106392135, 'Trẻ em', '5', 2, 1),
(679, 106392135, 'Trẻ e', '6', 2, 1),
(680, 106392139, 'Người lớn', '1', 1, 1),
(681, 106392139, 'Người lớn', '2', 1, 1),
(682, 106392139, 'Người lớn', '3', 1, 1),
(683, 106392139, 'Trẻ em', '1', 2, 1),
(684, 106392139, 'Trẻ em', '2', 2, 1),
(685, 106392140, 'Người lớn', '1', 1, 1),
(686, 106392140, 'Người lớn', '2', 1, 1),
(687, 106392140, 'Trẻ em', '1', 2, 1),
(688, 106392140, 'Trẻ em', '2', 2, 1);

-- --------------------------------------------------------

--
-- Table structure for table `tblVe`
--

CREATE TABLE `tblVe` (
  `_id` int(9) NOT NULL,
  `_idCB` int(11) NOT NULL,
  `_idG` varchar(3) NOT NULL,
  `_idKH` int(11) NOT NULL,
  `_idB` int(9) UNSIGNED ZEROFILL NOT NULL
) ENGINE=InnoDB DEFAULT CHARSET=latin1;

--
-- Dumping data for table `tblVe`
--

INSERT INTO `tblVe` (`_id`, `_idCB`, `_idG`, `_idKH`, `_idB`) VALUES
(70, 10, '1A', 233, 000000086),
(71, 10, '1B', 234, 000000086),
(72, 10, '1C', 235, 000000086),
(73, 10, '1D', 236, 000000086),
(74, 10, '1E', 237, 000000086),
(85, 9, '1A', 248, 000000095),
(86, 9, '1B', 249, 000000095),
(87, 9, '1C', 250, 000000095),
(88, 9, '1D', 251, 000000095),
(89, 9, '1E', 252, 000000095),
(112, 11, '3E', 275, 000000102),
(113, 11, '4E', 276, 000000102),
(114, 11, '5E', 277, 000000102),
(115, 11, '3E', 278, 000000103),
(116, 11, '4E', 279, 000000103),
(117, 11, '5E', 280, 000000103),
(118, 9, '2E', 281, 000000104),
(119, 9, '3E', 282, 000000104),
(121, 9, '2C', 284, 000000106),
(122, 8, '5A', 285, 000000107),
(123, 5, '1A', 286, 000000108),
(124, 5, '1B', 287, 000000108),
(125, 5, '5C', 288, 000000108),
(126, 5, '5D', 289, 000000108),
(127, 5, '5E', 290, 000000108),
(128, 5, '1C', 291, 000000109),
(129, 5, '1D', 292, 000000109),
(130, 5, '3C', 293, 000000109),
(131, 5, '3D', 294, 000000109),
(132, 5, '4D', 295, 000000109),
(133, 5, '2C', 296, 000000110),
(134, 5, '2D', 297, 000000110),
(135, 5, '2E', 298, 000000110),
(136, 5, '3E', 299, 000000110),
(137, 5, '4E', 300, 000000110),
(138, 5, '8C', 301, 000000111),
(139, 5, '9C', 302, 000000111),
(140, 5, '10D', 303, 000000111),
(141, 5, '11D', 304, 000000111),
(142, 5, '6D', 305, 000000111),
(143, 5, '8E', 306, 000000112),
(144, 5, '9F', 307, 000000112),
(145, 5, '11B', 308, 000000112),
(146, 5, '11A', 309, 000000112),
(147, 5, '8A', 310, 000000112),
(148, 5, '4B', 311, 000000113),
(149, 5, '6F', 312, 000000113),
(150, 5, '7A', 313, 000000113),
(151, 5, '7B', 314, 000000113),
(152, 5, '7C', 315, 000000113),
(153, 5, '4B', 316, 000000114),
(154, 5, '6F', 317, 000000114),
(155, 5, '7A', 318, 000000114),
(156, 5, '7B', 319, 000000114),
(157, 5, '7C', 320, 000000114),
(158, 5, '12A', 321, 000000115),
(159, 5, '12B', 322, 000000115),
(160, 5, '12D', 323, 000000115),
(161, 5, '12E', 324, 000000115),
(162, 5, '12C', 325, 000000115),
(163, 1, '6D', 326, 000000116),
(164, 1, '4D', 327, 000000116),
(165, 1, '2F', 328, 000000116),
(166, 5, '2B', 329, 000000117),
(167, 5, '6C', 330, 000000117),
(168, 5, '4A', 331, 000000117),
(169, 12, '4D', 332, 000000118),
(170, 12, '5E', 333, 000000118),
(171, 12, '3B', 334, 000000118),
(172, 12, '2B', 335, 000000118),
(177, 8, '5B', 340, 000000120),
(178, 8, '2C', 341, 000000121),
(179, 8, '3C', 342, 000000121),
(180, 8, '4C', 343, 000000121),
(181, 8, '5C', 344, 000000121),
(182, 15, '2D', 345, 000000122),
(183, 15, '3D', 346, 000000122),
(184, 15, '4D', 347, 000000122),
(185, 15, '6D', 348, 000000122),
(186, 15, '5D', 349, 000000122),
(187, 15, '6E', 350, 000000123),
(188, 15, '6F', 351, 000000123),
(189, 15, '7A', 352, 000000123),
(190, 15, '7B', 353, 000000123),
(191, 15, '7C', 354, 000000123),
(192, 15, '7D', 355, 000000123),
(193, 15, '7E', 356, 000000123),
(194, 15, '7F', 357, 000000123),
(195, 15, '8A', 358, 000000123),
(196, 15, '8B', 359, 000000123),
(197, 15, '8C', 360, 000000123),
(198, 15, '8D', 361, 000000123),
(199, 15, '1A', 362, 000000124),
(200, 15, '1B', 363, 000000124),
(201, 15, '1C', 364, 000000124),
(202, 15, '1D', 365, 000000124),
(203, 15, '1E', 366, 000000124),
(204, 15, '1F', 367, 000000124),
(205, 15, '3A', 368, 000000125),
(206, 15, '2A', 369, 000000125),
(207, 15, '2C', 370, 000000125),
(208, 15, '2E', 371, 000000125),
(209, 15, '2F', 372, 000000125),
(210, 15, '3F', 373, 000000125),
(211, 15, '3E', 374, 000000125),
(212, 15, '3C', 375, 000000125),
(213, 15, '3B', 376, 000000125),
(214, 15, '2B', 377, 000000126),
(215, 15, '4A', 378, 000000126),
(216, 15, '4B', 379, 000000126),
(217, 15, '4C', 380, 000000126),
(218, 15, '4E', 381, 000000126),
(219, 15, '4F', 382, 000000126),
(220, 15, '5A', 383, 000000126),
(221, 15, '5B', 384, 000000126),
(222, 15, '5C', 385, 000000126),
(223, 15, '5E', 386, 000000126),
(224, 15, '5F', 387, 000000126),
(225, 15, '6A', 388, 000000126),
(226, 15, '6B', 389, 000000126),
(227, 15, '6C', 390, 000000127),
(228, 15, '8E', 391, 000000127),
(229, 15, '9A', 392, 000000127),
(230, 15, '9B', 393, 000000127),
(231, 15, '9C', 394, 000000127),
(232, 15, '9D', 395, 000000127),
(233, 15, '9E', 396, 000000127),
(234, 15, '9F', 397, 000000127),
(235, 15, '10A', 398, 000000127),
(236, 15, '10B', 399, 000000127),
(237, 15, '10C', 400, 000000127),
(238, 15, '10D', 401, 000000127),
(239, 15, '8F', 402, 000000127),
(240, 15, '10E', 403, 000000128),
(241, 15, '10F', 404, 000000128),
(242, 15, '11A', 405, 000000128),
(243, 15, '11B', 406, 000000128),
(244, 15, '11C', 407, 000000128),
(245, 15, '11D', 408, 000000128),
(246, 15, '11E', 409, 000000128),
(247, 15, '11F', 410, 000000128),
(248, 15, '12A', 411, 000000128),
(249, 15, '12B', 412, 000000128),
(250, 15, '12C', 413, 000000128),
(251, 15, '12D', 414, 000000128),
(252, 15, '12E', 415, 000000128),
(253, 15, '12F', 416, 000000129),
(254, 14, '5A', 417, 000000130),
(255, 14, '5B', 418, 000000130),
(256, 14, '5C', 419, 000000130),
(257, 14, '5D', 420, 000000130),
(258, 14, '5E', 421, 000000130),
(259, 14, '5F', 422, 000000130),
(260, 14, '6A', 423, 000000130),
(261, 14, '6B', 424, 000000130),
(262, 14, '6C', 425, 000000130),
(263, 14, '6D', 426, 000000130),
(264, 14, '6E', 427, 000000130),
(265, 14, '6F', 428, 000000130),
(266, 14, '7A', 429, 000000130),
(267, 14, '7B', 430, 000000131),
(268, 14, '7C', 431, 000000131),
(269, 14, '7D', 432, 000000131),
(270, 14, '7E', 433, 000000131),
(271, 14, '7F', 434, 000000131),
(272, 14, '8A', 435, 000000131),
(273, 14, '8B', 436, 000000131),
(274, 14, '8C', 437, 000000131),
(275, 14, '8D', 438, 000000131),
(276, 14, '8E', 439, 000000131),
(277, 14, '8F', 440, 000000131),
(278, 14, '9A', 441, 000000131),
(279, 14, '9B', 442, 000000131),
(280, 14, '9C', 443, 000000132),
(281, 14, '9D', 444, 000000132),
(282, 14, '9E', 445, 000000132),
(283, 14, '9F', 446, 000000132),
(284, 14, '10A', 447, 000000132),
(285, 14, '10B', 448, 000000132),
(286, 14, '10C', 449, 000000132),
(287, 14, '10D', 450, 000000132),
(288, 14, '10E', 451, 000000132),
(289, 14, '10F', 452, 000000132),
(290, 14, '11A', 453, 000000132),
(291, 14, '11B', 454, 000000132),
(292, 14, '11C', 455, 000000132),
(293, 14, '1A', 456, 106392102),
(294, 14, '1B', 457, 106392102),
(295, 14, '1C', 458, 106392102),
(296, 14, '1D', 459, 106392102),
(297, 14, '1E', 460, 106392102),
(298, 14, '1F', 461, 106392102),
(299, 14, '2F', 462, 106392102),
(300, 14, '2E', 463, 106392102),
(301, 14, '2D', 464, 106392102),
(302, 14, '2A', 465, 106392103),
(303, 14, '2B', 466, 106392103),
(304, 14, '2C', 467, 106392103),
(305, 14, '3A', 468, 106392103),
(306, 14, '3B', 469, 106392103),
(307, 14, '3C', 470, 106392103),
(308, 14, '3D', 471, 106392103),
(309, 14, '4A', 472, 106392104),
(310, 14, '3F', 473, 106392104),
(311, 14, '4F', 474, 106392104),
(312, 14, '4E', 475, 106392104),
(313, 14, '4D', 476, 106392104),
(314, 14, '4C', 477, 106392104),
(315, 14, '4B', 478, 106392104),
(316, 14, '3E', 479, 106392105),
(317, 14, '11E', 480, 106392105),
(318, 14, '11F', 481, 106392105),
(319, 14, '12A', 482, 106392105),
(320, 14, '12B', 483, 106392105),
(321, 14, '12C', 484, 106392105),
(322, 14, '12D', 485, 106392105),
(323, 14, '12E', 486, 106392105),
(324, 14, '12F', 487, 106392105),
(325, 20, '3E', 489, 106392107),
(326, 22, '4D', 490, 106392108),
(327, 20, '2B', 491, 106392109),
(328, 13, '4D', 492, 106392110),
(329, 19, '4B', 493, 106392111),
(330, 19, '1E', 494, 106392111),
(331, 19, '5C', 495, 106392111),
(332, 13, '1B', 496, 106392112),
(333, 13, '7D', 497, 106392112),
(334, 13, '7E', 498, 106392112),
(338, 20, '4A', 502, 106392114),
(339, 20, '4B', 503, 106392114),
(340, 20, '10E', 504, 106392114),
(341, 20, '10F', 505, 106392114),
(342, 23, '2D', 506, 106392115),
(343, 23, '2E', 507, 106392115),
(344, 23, '6B', 508, 106392115),
(345, 23, '6C', 509, 106392115),
(346, 19, '9C', 510, 106392116),
(347, 19, '9D', 511, 106392116),
(348, 19, '9E', 512, 106392116),
(349, 19, '9F', 513, 106392116),
(350, 19, '9B', 514, 106392116),
(351, 19, '9A', 515, 106392116),
(360, 29, '5A', 524, 106392120),
(361, 29, '5B', 525, 106392120),
(362, 29, '5C', 526, 106392120),
(363, 29, '5D', 527, 106392120),
(364, 29, '5E', 528, 106392120),
(365, 29, '5F', 529, 106392120),
(366, 29, '6A', 530, 106392120),
(367, 29, '6B', 531, 106392120),
(368, 29, '6C', 532, 106392120),
(369, 29, '6D', 533, 106392120),
(370, 29, '6E', 534, 106392120),
(371, 29, '6F', 535, 106392120),
(372, 29, '7A', 536, 106392120),
(373, 29, '7B', 537, 106392121),
(374, 29, '7C', 538, 106392121),
(375, 29, '7D', 539, 106392121),
(376, 29, '7E', 540, 106392121),
(377, 29, '7F', 541, 106392121),
(378, 29, '8A', 542, 106392121),
(379, 29, '8B', 543, 106392121),
(380, 29, '8C', 544, 106392121),
(381, 29, '8D', 545, 106392121),
(382, 29, '8E', 546, 106392121),
(383, 29, '8F', 547, 106392121),
(384, 29, '9A', 548, 106392121),
(385, 29, '9B', 549, 106392121),
(386, 29, '9C', 550, 106392122),
(387, 29, '9D', 551, 106392122),
(388, 29, '9E', 552, 106392122),
(389, 29, '9F', 553, 106392122),
(390, 29, '10A', 554, 106392122),
(391, 29, '10B', 555, 106392122),
(392, 29, '10C', 556, 106392122),
(393, 29, '10D', 557, 106392122),
(394, 29, '10E', 558, 106392122),
(395, 29, '10F', 559, 106392122),
(396, 29, '11A', 560, 106392122),
(397, 29, '11B', 561, 106392122),
(398, 29, '11C', 562, 106392122),
(399, 29, '2B', 563, 106392123),
(400, 29, '1B', 564, 106392123),
(401, 29, '1C', 565, 106392123),
(402, 29, '2C', 566, 106392123),
(403, 29, '11D', 567, 106392124),
(404, 29, '11E', 568, 106392124),
(405, 29, '11F', 569, 106392124),
(406, 29, '12A', 570, 106392124),
(407, 29, '12B', 571, 106392124),
(408, 29, '12C', 572, 106392124),
(409, 29, '1A', 573, 106392125),
(410, 29, '2A', 574, 106392125),
(411, 29, '3A', 575, 106392125),
(412, 29, '3B', 576, 106392126),
(413, 29, '3C', 577, 106392126),
(414, 29, '4C', 578, 106392126),
(415, 29, '4A', 579, 106392127),
(416, 29, '4B', 580, 106392127),
(417, 29, '4D', 581, 106392127),
(418, 29, '4E', 582, 106392128),
(419, 29, '3D', 583, 106392128),
(420, 29, '3E', 584, 106392128),
(421, 29, '2D', 585, 106392129),
(422, 29, '2E', 586, 106392129),
(423, 29, '2F', 587, 106392129),
(424, 29, '1D', 588, 106392130),
(425, 29, '1E', 589, 106392130),
(426, 29, '1F', 590, 106392130),
(427, 29, '3F', 591, 106392131),
(428, 29, '4F', 592, 106392131),
(429, 29, '12F', 593, 106392131),
(430, 29, '12D', 594, 106392132),
(431, 29, '12E', 595, 106392132),
(432, 28, '1A', 596, 106392133),
(433, 28, '1B', 597, 106392133),
(434, 28, '1C', 598, 106392133),
(435, 28, '1D', 599, 106392133),
(436, 28, '1E', 600, 106392133),
(437, 28, '1F', 601, 106392133),
(438, 28, '2F', 602, 106392133),
(439, 28, '2E', 603, 106392133),
(440, 28, '2D', 604, 106392133),
(441, 28, '2C', 605, 106392133),
(442, 28, '2A', 606, 106392133),
(443, 28, '2B', 607, 106392133),
(444, 28, '3B', 608, 106392133),
(445, 28, '3A', 609, 106392133),
(446, 28, '4A', 610, 106392133),
(447, 28, '4B', 611, 106392133),
(448, 28, '4C', 612, 106392133),
(449, 28, '3C', 613, 106392133),
(450, 28, '3D', 614, 106392133),
(451, 28, '3E', 615, 106392133),
(452, 28, '3F', 616, 106392133),
(453, 28, '4F', 617, 106392133),
(454, 28, '4E', 618, 106392133),
(455, 28, '4D', 619, 106392133),
(456, 28, '9A', 620, 106392133),
(457, 28, '9B', 621, 106392133),
(458, 28, '9C', 622, 106392133),
(459, 28, '9D', 623, 106392133),
(460, 28, '9E', 624, 106392133),
(461, 28, '9F', 625, 106392133),
(462, 28, '10A', 626, 106392133),
(463, 28, '10B', 627, 106392133),
(464, 28, '10C', 628, 106392133),
(465, 28, '10D', 629, 106392133),
(466, 28, '10E', 630, 106392133),
(467, 28, '10F', 631, 106392133),
(468, 28, '11A', 632, 106392133),
(469, 28, '11B', 633, 106392133),
(470, 28, '11C', 634, 106392133),
(471, 28, '11D', 635, 106392133),
(472, 28, '11E', 636, 106392133),
(473, 28, '11F', 637, 106392133),
(474, 28, '12A', 638, 106392133),
(475, 28, '12B', 639, 106392133),
(476, 28, '12C', 640, 106392133),
(477, 28, '12D', 641, 106392133),
(478, 28, '12E', 642, 106392133),
(479, 28, '12F', 643, 106392133),
(480, 28, '5A', 644, 106392134),
(481, 28, '5B', 645, 106392134),
(482, 28, '5C', 646, 106392134),
(483, 28, '5D', 647, 106392134),
(484, 28, '5E', 648, 106392134),
(485, 28, '5F', 649, 106392134),
(486, 28, '6A', 650, 106392134),
(487, 28, '6B', 651, 106392134),
(488, 28, '6C', 652, 106392134),
(489, 28, '6D', 653, 106392134),
(490, 28, '6E', 654, 106392134),
(491, 28, '6F', 655, 106392134),
(492, 28, '7A', 656, 106392134),
(493, 28, '7B', 657, 106392134),
(494, 28, '7C', 658, 106392134),
(495, 28, '7D', 659, 106392134),
(496, 28, '7E', 660, 106392134),
(497, 28, '7F', 661, 106392134),
(498, 28, '8A', 662, 106392134),
(499, 28, '8B', 663, 106392134),
(500, 28, '8C', 664, 106392134),
(501, 28, '8D', 665, 106392134),
(502, 28, '8E', 666, 106392134),
(503, 33, '1B', 667, 106392135),
(504, 33, '1C', 668, 106392135),
(505, 33, '2D', 669, 106392135),
(506, 33, '2E', 670, 106392135),
(507, 33, '4B', 671, 106392135),
(508, 33, '4C', 672, 106392135),
(509, 33, '8D', 673, 106392135),
(510, 33, '8E', 674, 106392135),
(511, 33, '8F', 675, 106392135),
(512, 33, '3E', 676, 106392135),
(513, 33, '3F', 677, 106392135),
(514, 33, '2F', 678, 106392135),
(515, 33, '6C', 679, 106392135),
(516, 20, '5A', 680, 106392139),
(517, 20, '5B', 681, 106392139),
(518, 20, '5C', 682, 106392139),
(519, 20, '5D', 683, 106392139),
(520, 20, '5E', 684, 106392139),
(521, 20, '5F', 685, 106392140),
(522, 20, '6A', 686, 106392140),
(523, 20, '6B', 687, 106392140),
(524, 20, '6C', 688, 106392140);

--
-- Indexes for dumped tables
--

--
-- Indexes for table `tblBoss`
--
ALTER TABLE `tblBoss`
  ADD PRIMARY KEY (`_id`);

--
-- Indexes for table `tblChuyenBay`
--
ALTER TABLE `tblChuyenBay`
  ADD PRIMARY KEY (`_id`),
  ADD KEY `_idDDi` (`_idDDi`),
  ADD KEY `_idDDd` (`_idDDd`);

--
-- Indexes for table `tblDiaDiem`
--
ALTER TABLE `tblDiaDiem`
  ADD PRIMARY KEY (`_id`);

--
-- Indexes for table `tblEmBe`
--
ALTER TABLE `tblEmBe`
  ADD PRIMARY KEY (`_id`),
  ADD KEY `_idKH` (`_idKH`),
  ADD KEY `_idB` (`_idB`);

--
-- Indexes for table `tblGhe`
--
ALTER TABLE `tblGhe`
  ADD PRIMARY KEY (`_id`);

--
-- Indexes for table `tblHanhKhach`
--
ALTER TABLE `tblHanhKhach`
  ADD PRIMARY KEY (`_id`),
  ADD KEY `_idB` (`_idB`);

--
-- Indexes for table `tblVe`
--
ALTER TABLE `tblVe`
  ADD PRIMARY KEY (`_id`),
  ADD KEY `_idG` (`_idG`),
  ADD KEY `_idCB` (`_idCB`),
  ADD KEY `_idKH` (`_idKH`),
  ADD KEY `_idB` (`_idB`);

--
-- AUTO_INCREMENT for dumped tables
--

--
-- AUTO_INCREMENT for table `tblBoss`
--
ALTER TABLE `tblBoss`
  MODIFY `_id` int(9) UNSIGNED ZEROFILL NOT NULL AUTO_INCREMENT, AUTO_INCREMENT=106392141;
--
-- AUTO_INCREMENT for table `tblChuyenBay`
--
ALTER TABLE `tblChuyenBay`
  MODIFY `_id` int(11) NOT NULL AUTO_INCREMENT, AUTO_INCREMENT=40;
--
-- AUTO_INCREMENT for table `tblEmBe`
--
ALTER TABLE `tblEmBe`
  MODIFY `_id` int(11) NOT NULL AUTO_INCREMENT, AUTO_INCREMENT=64;
--
-- AUTO_INCREMENT for table `tblHanhKhach`
--
ALTER TABLE `tblHanhKhach`
  MODIFY `_id` int(11) NOT NULL AUTO_INCREMENT, AUTO_INCREMENT=689;
--
-- AUTO_INCREMENT for table `tblVe`
--
ALTER TABLE `tblVe`
  MODIFY `_id` int(9) NOT NULL AUTO_INCREMENT, AUTO_INCREMENT=525;
--
-- Constraints for dumped tables
--

--
-- Constraints for table `tblChuyenBay`
--
ALTER TABLE `tblChuyenBay`
  ADD CONSTRAINT `tblchuyenbay_ibfk_1` FOREIGN KEY (`_idDDi`) REFERENCES `tblDiaDiem` (`_id`),
  ADD CONSTRAINT `tblchuyenbay_ibfk_2` FOREIGN KEY (`_idDDd`) REFERENCES `tblDiaDiem` (`_id`);

--
-- Constraints for table `tblEmBe`
--
ALTER TABLE `tblEmBe`
  ADD CONSTRAINT `tblembe_ibfk_1` FOREIGN KEY (`_idKH`) REFERENCES `tblHanhKhach` (`_id`),
  ADD CONSTRAINT `tblembe_ibfk_2` FOREIGN KEY (`_idB`) REFERENCES `tblBoss` (`_id`);

--
-- Constraints for table `tblHanhKhach`
--
ALTER TABLE `tblHanhKhach`
  ADD CONSTRAINT `tblhanhkhach_ibfk_1` FOREIGN KEY (`_idB`) REFERENCES `tblBoss` (`_id`);

--
-- Constraints for table `tblVe`
--
ALTER TABLE `tblVe`
  ADD CONSTRAINT `tblve_ibfk_1` FOREIGN KEY (`_idG`) REFERENCES `tblGhe` (`_id`),
  ADD CONSTRAINT `tblve_ibfk_2` FOREIGN KEY (`_idCB`) REFERENCES `tblChuyenBay` (`_id`),
  ADD CONSTRAINT `tblve_ibfk_3` FOREIGN KEY (`_idKH`) REFERENCES `tblHanhKhach` (`_id`),
  ADD CONSTRAINT `tblve_ibfk_4` FOREIGN KEY (`_idB`) REFERENCES `tblBoss` (`_id`);

DELIMITER $$
--
-- Events
--
CREATE DEFINER=`root`@`localhost` EVENT `clearDB` ON SCHEDULE EVERY 1 MINUTE STARTS '2017-08-31 10:32:19' ON COMPLETION NOT PRESERVE ENABLE DO BEGIN
	DELETE FROM tblVe WHERE _idB in 
		(SELECT _id FROM tblBoss WHERE _datetime < (NOW() - INTERVAL 10 MINUTE) AND _status=0);
		DELETE FROM tblEmBe WHERE _idB in 
		(SELECT _id FROM tblBoss WHERE _datetime < (NOW() - INTERVAL 10 MINUTE) AND _status=0);
	DELETE FROM tblHanhKhach WHERE _idB in 
		(SELECT _id FROM tblBoss WHERE _datetime < (NOW() - INTERVAL 10 MINUTE) AND _status=0);
	UPDATE tblBoss SET _status=3 WHERE _id in
	(SELECT _id FROM (select * from tblBoss) AS T WHERE _datetime < (NOW() - INTERVAL 10 MINUTE) AND _status=0);
END$$

DELIMITER ;

/*!40101 SET CHARACTER_SET_CLIENT=@OLD_CHARACTER_SET_CLIENT */;
/*!40101 SET CHARACTER_SET_RESULTS=@OLD_CHARACTER_SET_RESULTS */;
/*!40101 SET COLLATION_CONNECTION=@OLD_COLLATION_CONNECTION */;
